Keyword,City,Status
"antirouille blainville",Detected,Pending
"antirouille laval",Detected,Pending
"antirouille laval 440",Detected,Pending
"antirouille laval avis",Detected,Pending
"antirouille laval boulevard dagenais ouest laval qc",Detected,Pending
"antirouille laval dagenais",Detected,Pending
"antirouille laval ouest",Detected,Pending
"antirouille laval prix",Detected,Pending
"antirouille laval st martin",Detected,Pending
"antirouille lavaltrie",Detected,Pending
"antirouille mascouche",Detected,Pending
"antirouille metro blainville",Detected,Pending
"antirouille metropolitain laval prix",Detected,Pending
"antirouille metropolitain mascouche",Detected,Pending
"antirouille metropolitain repentigny",Detected,Pending
"antirouille m�tropolitain blainville",Detected,Pending
"antirouille m�tropolitain blainville avis",Detected,Pending
"antirouille m�tropolitain blainville blainville qc",Detected,Pending
"antirouille m�tropolitain blainville photos",Detected,Pending
"antirouille m�tropolitain blainville prix",Detected,Pending
"antirouille m�tropolitain blainville rendez vous",Detected,Pending
"antirouille m�tropolitain laval avis",Detected,Pending
"antirouille m�tropolitain laval rendez vous",Detected,Pending
"antirouille m�tropolitain terrebonne horaire",Detected,Pending
"antirouille m�tropolitain terrebonne prix",Detected,Pending
"antirouille m�tropolitain terrebonne qc",Detected,Pending
"antirouille repentigny",Detected,Pending
"antirouille repentigny inc",Detected,Pending
"antirouille repentigny inc photos",Detected,Pending
"antirouille repentigny rue leclerc",Detected,Pending
"antirouille rosemere",Detected,Pending
"antirouille terrebonne",Detected,Pending
"antirouille ziebart terrebonne",Detected,Pending
"atelier mecanique js terrebonne",Detected,Pending
"atelier mecanique mascouche",Detected,Pending
"atelier mecanique repentigny",Detected,Pending
"atelier mecanique rl repentigny",Detected,Pending
"atelier mecanique rosemere",Detected,Pending
"atelier mecanique terrebonne",Detected,Pending
"bruit atelier m�canique",Detected,Pending
"bruit garage automobile",Detected,Pending
"bruit m�canicien",Detected,Pending
"bruit pneu hiver en ete",Detected,Pending
"bruit pneus hiver",Detected,Pending
"bruit pneus neige",Detected,Pending
"bruit roulement pneu hiver",Detected,Pending
"castrol changement d'huile terrebonne",Detected,Pending
"changement d huile laval sans rendez vous",Detected,Pending
"changement d huile lavaltrie",Detected,Pending
"changement d huile rapide mascouche",Detected,Pending
"changement d huile sans rendez vous mascouche",Detected,Pending
"changement d huile sans rendez vous repentigny",Detected,Pending
"changement d huile terrebonne sans rendez vous",Detected,Pending
"changement d'huile blainville",Detected,Pending
"changement d'huile bois des filion",Detected,Pending
"changement d'huile costco terrebonne",Detected,Pending
"changement d'huile express repentigny",Detected,Pending
"changement d'huile express terrebonne",Detected,Pending
"changement d'huile laval auteuil",Detected,Pending
"changement d'huile laval chomedey",Detected,Pending
"changement d'huile laval cure labelle",Detected,Pending
"changement d'huile laval prix",Detected,Pending
"changement d'huile mascouche",Detected,Pending
"changement d'huile pas cher laval",Detected,Pending
"changement d'huile rapide blainville",Detected,Pending
"changement d'huile rapide repentigny",Detected,Pending
"changement d'huile rapide terrebonne",Detected,Pending
"changement d'huile repentigny",Detected,Pending
"changement d'huile sans rendez vous blainville",Detected,Pending
"changement d'huile sans rendez vous laval ouvert actuellement",Detected,Pending
"changement d'huile sans rendez vous rosemere",Detected,Pending
"changement d'huile terrebonne",Detected,Pending
"changement d'huile terrebonne chemin gascon",Detected,Pending
"changement d'huile walmart mascouche",Detected,Pending
"changement huile costco laval",Detected,Pending
"changement huile laval",Detected,Pending
"changement huile pennzoil laval",Detected,Pending
"changement huile rosemere",Detected,Pending
"changement huile terrebonne",Detected,Pending
"changement huile transmission laval",Detected,Pending
"changement pneu hiver laval",Detected,Pending
"combien coute 4 pneu neige",Detected,Pending
"combien coute 4 pneus hiver",Detected,Pending
"combien coute antirouille",Detected,Pending
"combien coute antirouille krown",Detected,Pending
"combien coute antirouille metropolitain",Detected,Pending
"combien coute changement d'huile",Detected,Pending
"combien coute changement d'huile canadian tire",Detected,Pending
"combien coute changement huile costco",Detected,Pending
"combien coute changement huile transmission",Detected,Pending
"combien coute changement pneu hiver",Detected,Pending
"combien coute des pneus hiver",Detected,Pending
"combien coute inspection auto",Detected,Pending
"combien coute inspection automobile",Detected,Pending
"combien coute inspection vehicule",Detected,Pending
"combien coute inspection voiture",Detected,Pending
"combien coute pneu hiver",Detected,Pending
"combien coute pneus neige",Detected,Pending
"combien coute reparation frein a main",Detected,Pending
"combien coute r�paration fissure fondation",Detected,Pending
"combien coute traitement antirouille",Detected,Pending
"combien coute un antirouille permanent",Detected,Pending
"combien coute un changement de carter d'huile",Detected,Pending
"combien coute un changement de liquide de frein",Detected,Pending
"combien coute un changement de liquide de refroidissement",Detected,Pending
"combien coute un changement de pneus hiver",Detected,Pending
"combien coute un changement de pompe a huile",Detected,Pending
"combien coute un traitement antirouille ziebart",Detected,Pending
"combien coute vidange huile",Detected,Pending
"combien coute vidange huile moteur",Detected,Pending
"combien co�te r�paration",Detected,Pending
"combien co�te un antirouille au qu�bec",Detected,Pending
"combien co�te un antirouille chez m�tropolitain",Detected,Pending
"combien co�te un traitement antirouille chez m�tropolitain",Detected,Pending
"combien co�te un traitement antirouille m�tropolitain",Detected,Pending
"combien co�tent les pneus hiver",Detected,Pending
"combien co�tent les pneus neige",Detected,Pending
"emploi mecanicien repentigny",Detected,Pending
"emploi mecanicien terrebonne",Detected,Pending
"garage apex m�canique repentigny",Detected,Pending
"garage apex m�canique repentigny reviews",Detected,Pending
"garage auto blainville",Detected,Pending
"garage auto blainville sur l eau",Detected,Pending
"garage auto blainville sur orne",Detected,Pending
"garage auto centre mascouche",Detected,Pending
"garage auto laval",Detected,Pending
"garage auto lavalette",Detected,Pending
"garage auto lorraine",Detected,Pending
"garage auto lorraine 54",Detected,Pending
"garage auto lorraine pulnoy",Detected,Pending
"garage auto mascouche",Detected,Pending
"garage auto repentigny",Detected,Pending
"garage auto rosemere",Detected,Pending
"garage automobile blainville",Detected,Pending
"garage automobile blainville sur l eau",Detected,Pending
"garage automobile blainville sur mer",Detected,Pending
"garage automobile blainville sur orne",Detected,Pending
"garage automobile bois des filion",Detected,Pending
"garage automobile laval",Detected,Pending
"garage automobile laval 53000",Detected,Pending
"garage automobile lorraine",Detected,Pending
"garage automobile repentigny",Detected,Pending
"garage automobile terrebonne",Detected,Pending
"garage autopro repentigny",Detected,Pending
"garage changement d'huile blainville",Detected,Pending
"garage changement d'huile mascouche",Detected,Pending
"garage changement d'huile repentigny",Detected,Pending
"garage changement d'huile terrebonne",Detected,Pending
"garage inspection laval",Detected,Pending
"garage lorraine auto 54 longwy",Detected,Pending
"garage lorraine auto longwy",Detected,Pending
"garage mecanique a vendre repentigny",Detected,Pending
"garage mecanique bois des filion",Detected,Pending
"garage mecanique cote terrebonne",Detected,Pending
"garage mecanique laval a louer",Detected,Pending
"garage mecanique laval boul des laurentides",Detected,Pending
"garage mecanique laval cure labelle",Detected,Pending
"garage mecanique lavaltrie",Detected,Pending
"garage mecanique montee masson mascouche",Detected,Pending
"garage mecanique rosemere",Detected,Pending
"garage mecanique vieux terrebonne",Detected,Pending
"garage m�canique blainville",Detected,Pending
"garage m�canique laval",Detected,Pending
"garage m�canique mascouche",Detected,Pending
"garage m�canique repentigny",Detected,Pending
"garage m�canique sb terrebonne",Detected,Pending
"garage m�canique terrebonne",Detected,Pending
"garage m�canique � vendre terrebonne",Detected,Pending
"garage pro mecanique blainville",Detected,Pending
"garage pro mecano terrebonne",Detected,Pending
"garage reparation laval",Detected,Pending
"garage sam auto repentigny",Detected,Pending
"garage speed auto blainville",Detected,Pending
"garagiste blainville",Detected,Pending
"garagiste laval",Detected,Pending
"garagiste mascouche",Detected,Pending
"garagiste repentigny",Detected,Pending
"garagiste terrebonne",Detected,Pending
"inspection auto laval",Detected,Pending
"inspection auto mascouche",Detected,Pending
"inspection auto saaq laval",Detected,Pending
"inspection auto terrebonne",Detected,Pending
"inspection v�hicule laval",Detected,Pending
"laval mecanique avis",Detected,Pending
"mecanicien blainville",Detected,Pending
"mecanicien industriel terrebonne",Detected,Pending
"mecanicien laval bergman",Detected,Pending
"mecanicien laval les mieux not�s",Detected,Pending
"mecanicien laval ouest",Detected,Pending
"mecanicien laval ouvert actuellement",Detected,Pending
"mecanicien lavaltrie",Detected,Pending
"mecanicien mascouche",Detected,Pending
"mecanicien rosemere",Detected,Pending
"mecanicien terrebonne",Detected,Pending
"mecanique blainville",Detected,Pending
"mecanique bois des filion",Detected,Pending
"mecanique laval",Detected,Pending
"mecanique lavall�e",Detected,Pending
"mecanique lorraine precision",Detected,Pending
"mecanique mascouche",Detected,Pending
"mecanique repentigny",Detected,Pending
"mecanique terrebonne",Detected,Pending
"mecano mascouche",Detected,Pending
"mecano terrebonne",Detected,Pending
"meilleur antirouille laval",Detected,Pending
"meilleur antirouille repentigny",Detected,Pending
"miloudi performance plus garage m�canique terrebonne",Detected,Pending
"m�canicien laval",Detected,Pending
"m�canicien laval des rapides",Detected,Pending
"m�canicien repentigny",Detected,Pending
"pneu hiver obligatoire lorraine",Detected,Pending
"pneu hiver obligatoire lorraine 2022",Detected,Pending
"pneu hiver repentigny",Detected,Pending
"pneus hiver a vendre laval",Detected,Pending
"pneus hiver laval",Detected,Pending
"pneus hiver lorraine",Detected,Pending
"pneus hiver terrebonne",Detected,Pending
"quand changer pneu hiver 2025",Detected,Pending
"quand changer pneu hiver ete",Detected,Pending
"quand changer pneu hiver temperature",Detected,Pending
"quand changer pneus hiver",Detected,Pending
"quand changer pneus hiver belgique",Detected,Pending
"quand changer pneus hiver quebec",Detected,Pending
"quand changer pneus hiver suisse",Detected,Pending
"quand changer pneus hiver usure",Detected,Pending
"quand changer pneus hiver �t�",Detected,Pending
"quand installer pneus hiver quebec",Detected,Pending
"rendez vous costco changement huile laval",Detected,Pending
"traitement antirouille blainville",Detected,Pending
"traitement antirouille mascouche",Detected,Pending